Group Num;Picture Filename;Similarity;
1;D:\hole\0001.bmp;62;
1;D:\hole\video01.mp4_000002.bmp;62;
2;D:\hole\0112.bmp;65;
2;D:\hole\video01.mp4_000018.bmp;65;
3;D:\hole\0223.bmp;65;
3;D:\hole\video01.mp4_000043.bmp;65;
4;D:\hole\0234.bmp;70;
4;D:\hole\video01.mp4_000048.bmp;70;
5;D:\hole\0245.bmp;58;
5;D:\hole\video02.mp4_000020.bmp;58;
6;D:\hole\0256.bmp;67;
6;D:\hole\video02.mp4_000026.bmp;67;
7;D:\hole\0267.bmp;65;
7;D:\hole\video02.mp4_000031.bmp;65;
8;D:\hole\0278.bmp;67;
8;D:\hole\video02.mp4_000052.bmp;67;
9;D:\hole\0289.bmp;70;
9;D:\hole\video02.mp4_000058.bmp;70;
10;D:\hole\0002.bmp;66;
10;D:\hole\video02.mp4_000064.bmp;66;
11;D:\hole\0013.bmp;57;
11;D:\hole\video02.mp4_000075.bmp;57;
12;D:\hole\0024.bmp;53;
12;D:\hole\video02.mp4_000083.bmp;53;
13;D:\hole\0035.bmp;62;
13;D:\hole\video02.mp4_000087.bmp;62;
14;D:\hole\0046.bmp;65;
14;D:\hole\video03.mp4_000009.bmp;65;
15;D:\hole\0057.bmp;56;
15;D:\hole\video03.mp4_000013.bmp;56;
16;D:\hole\0068.bmp;58;
16;D:\hole\video03.mp4_000027.bmp;58;
17;D:\hole\0079.bmp;62;
17;D:\hole\video03.mp4_000029.bmp;62;
18;D:\hole\0090.bmp;40;
18;D:\hole\video03.mp4_000030.bmp;40;
19;D:\hole\0101.bmp;73;
19;D:\hole\video03.mp4_000037.bmp;73;
20;D:\hole\0113.bmp;46;
20;D:\hole\video03.mp4_000044.bmp;46;
21;D:\hole\0124.bmp;66;
21;D:\hole\video03.mp4_000063.bmp;66;
22;D:\hole\0135.bmp;54;
22;D:\hole\video03.mp4_000068.bmp;54;
23;D:\hole\0146.bmp;61;
23;D:\hole\video03.mp4_000091.bmp;61;
24;D:\hole\0157.bmp;58;
24;D:\hole\video03.mp4_000095.bmp;58;
25;D:\hole\0168.bmp;71;
25;D:\hole\video03.mp4_000112.bmp;71;
26;D:\hole\0179.bmp;57;
26;D:\hole\video03.mp4_000114.bmp;57;
27;D:\hole\0190.bmp;67;
27;D:\hole\video03.mp4_000117.bmp;67;
28;D:\hole\0201.bmp;69;
28;D:\hole\video03.mp4_000119.bmp;69;
29;D:\hole\0212.bmp;67;
29;D:\hole\video03.mp4_000122.bmp;67;
30;D:\hole\0224.bmp;55;
30;D:\hole\video03.mp4_000129.bmp;55;
31;D:\hole\0225.bmp;62;
31;D:\hole\video03.mp4_000131.bmp;62;
32;D:\hole\0226.bmp;58;
32;D:\hole\video03.mp4_000137.bmp;58;
33;D:\hole\0227.bmp;57;
33;D:\hole\video03.mp4_000142.bmp;57;
34;D:\hole\0228.bmp;46;
34;D:\hole\video03.mp4_000157.bmp;46;
35;D:\hole\0229.bmp;58;
35;D:\hole\video03.mp4_000166.bmp;58;
36;D:\hole\0230.bmp;55;
36;D:\hole\video03.mp4_000167.bmp;55;
37;D:\hole\0231.bmp;67;
37;D:\hole\video03.mp4_000171.bmp;67;
38;D:\hole\0232.bmp;61;
38;D:\hole\video03.mp4_000175.bmp;61;
39;D:\hole\0233.bmp;60;
39;D:\hole\video03.mp4_000179.bmp;60;
40;D:\hole\0235.bmp;61;
40;D:\hole\video03.mp4_000190.bmp;61;
41;D:\hole\0236.bmp;50;
41;D:\hole\video03.mp4_000198.bmp;50;
42;D:\hole\0237.bmp;63;
42;D:\hole\video03.mp4_000202.bmp;63;
43;D:\hole\0238.bmp;64;
43;D:\hole\video03.mp4_000203.bmp;64;
44;D:\hole\0239.bmp;50;
44;D:\hole\video03.mp4_000205.bmp;50;
45;D:\hole\0240.bmp;50;
45;D:\hole\video03.mp4_000206.bmp;50;
46;D:\hole\0241.bmp;57;
46;D:\hole\video03.mp4_000220.bmp;57;
47;D:\hole\0242.bmp;67;
47;D:\hole\video03.mp4_000224.bmp;67;
48;D:\hole\0243.bmp;37;
48;D:\hole\video03.mp4_000227.bmp;37;
49;D:\hole\0244.bmp;58;
49;D:\hole\video03.mp4_000233.bmp;58;
50;D:\hole\0246.bmp;66;
50;D:\hole\video03.mp4_000236.bmp;66;
51;D:\hole\0247.bmp;59;
51;D:\hole\video03.mp4_000272.bmp;59;
52;D:\hole\0248.bmp;58;
52;D:\hole\video03.mp4_000278.bmp;58;
53;D:\hole\0249.bmp;53;
53;D:\hole\video03.mp4_000285.bmp;53;
54;D:\hole\0250.bmp;56;
54;D:\hole\video03.mp4_000288.bmp;56;
55;D:\hole\0251.bmp;52;
55;D:\hole\video03.mp4_000292.bmp;52;
56;D:\hole\0252.bmp;74;
56;D:\hole\video04.mp4_000018.bmp;74;
57;D:\hole\0253.bmp;70;
57;D:\hole\video04.mp4_000022.bmp;70;
58;D:\hole\0254.bmp;66;
58;D:\hole\video04.mp4_000033.bmp;66;
59;D:\hole\0255.bmp;66;
59;D:\hole\video04.mp4_000038.bmp;66;
60;D:\hole\0257.bmp;69;
60;D:\hole\video04.mp4_000041.bmp;69;
61;D:\hole\0258.bmp;65;
61;D:\hole\video04.mp4_000049.bmp;65;
62;D:\hole\0259.bmp;73;
62;D:\hole\video05.mp4_000016.bmp;73;
63;D:\hole\0260.bmp;63;
63;D:\hole\video05.mp4_000017.bmp;63;
64;D:\hole\0261.bmp;65;
64;D:\hole\video05.mp4_000047.bmp;65;
65;D:\hole\0262.bmp;68;
65;D:\hole\video05.mp4_000058.bmp;68;
66;D:\hole\0263.bmp;62;
66;D:\hole\video05.mp4_000060.bmp;62;
67;D:\hole\0264.bmp;58;
67;D:\hole\video05.mp4_000071.bmp;58;
68;D:\hole\0265.bmp;71;
68;D:\hole\video06.mp4_000007.bmp;71;
69;D:\hole\0266.bmp;66;
69;D:\hole\video06.mp4_000010.bmp;66;
70;D:\hole\0268.bmp;74;
70;D:\hole\video06.mp4_000011.bmp;74;
71;D:\hole\0269.bmp;69;
71;D:\hole\video06.mp4_000040.bmp;69;
72;D:\hole\0270.bmp;50;
72;D:\hole\video06.mp4_000046.bmp;50;
73;D:\hole\0271.bmp;68;
73;D:\hole\video06.mp4_000056.bmp;68;
74;D:\hole\0272.bmp;64;
74;D:\hole\video06.mp4_000063.bmp;64;
75;D:\hole\0273.bmp;76;
75;D:\hole\video06.mp4_000076.bmp;76;
76;D:\hole\0274.bmp;64;
76;D:\hole\video06.mp4_000078.bmp;64;
77;D:\hole\0275.bmp;69;
77;D:\hole\video07.mp4_000015.bmp;69;
78;D:\hole\0276.bmp;66;
78;D:\hole\video07.mp4_000030.bmp;66;
79;D:\hole\0277.bmp;68;
79;D:\hole\video07.mp4_000031.bmp;68;
80;D:\hole\0279.bmp;77;
80;D:\hole\video07.mp4_000037.bmp;77;
81;D:\hole\0280.bmp;56;
81;D:\hole\video07.mp4_000039.bmp;56;
82;D:\hole\0281.bmp;62;
82;D:\hole\video07.mp4_000041.bmp;62;
83;D:\hole\0282.bmp;70;
83;D:\hole\video07.mp4_000042.bmp;70;
84;D:\hole\0283.bmp;63;
84;D:\hole\video07.mp4_000067.bmp;63;
85;D:\hole\0284.bmp;61;
85;D:\hole\video07.mp4_000079.bmp;61;
86;D:\hole\0285.bmp;74;
86;D:\hole\video07.mp4_000081.bmp;74;
87;D:\hole\0286.bmp;64;
87;D:\hole\video07.mp4_000091.bmp;64;
88;D:\hole\0287.bmp;57;
88;D:\hole\video07.mp4_000092.bmp;57;
89;D:\hole\0288.bmp;68;
89;D:\hole\video07.mp4_000096.bmp;68;
90;D:\hole\0290.bmp;67;
90;D:\hole\video07.mp4_000105.bmp;67;
91;D:\hole\0291.bmp;70;
91;D:\hole\video07.mp4_000110.bmp;70;
92;D:\hole\0292.bmp;71;
92;D:\hole\video07.mp4_000111.bmp;71;
93;D:\hole\0293.bmp;60;
93;D:\hole\video07.mp4_000114.bmp;60;
94;D:\hole\0294.bmp;66;
94;D:\hole\video07.mp4_000121.bmp;66;
95;D:\hole\0295.bmp;65;
95;D:\hole\video07.mp4_000126.bmp;65;
96;D:\hole\0296.bmp;62;
96;D:\hole\video07.mp4_000127.bmp;62;
97;D:\hole\0297.bmp;66;
97;D:\hole\video07.mp4_000139.bmp;66;
98;D:\hole\0298.bmp;63;
98;D:\hole\video07.mp4_000140.bmp;63;
99;D:\hole\0299.bmp;63;
99;D:\hole\video07.mp4_000154.bmp;63;
100;D:\hole\0003.bmp;54;
100;D:\hole\video07.mp4_000162.bmp;54;
101;D:\hole\0004.bmp;65;
101;D:\hole\video07.mp4_000168.bmp;65;
102;D:\hole\0005.bmp;65;
102;D:\hole\video08.mp4_000032.bmp;65;
103;D:\hole\0006.bmp;69;
103;D:\hole\video08.mp4_000042.bmp;69;
104;D:\hole\0007.bmp;71;
104;D:\hole\video08.mp4_000054.bmp;71;
105;D:\hole\0008.bmp;61;
105;D:\hole\video08.mp4_000059.bmp;61;
106;D:\hole\0009.bmp;71;
106;D:\hole\video08.mp4_000066.bmp;71;
107;D:\hole\0010.bmp;66;
107;D:\hole\video09.mp4_000018.bmp;66;
108;D:\hole\0011.bmp;76;
108;D:\hole\video09.mp4_000029.bmp;76;
109;D:\hole\0012.bmp;65;
109;D:\hole\video09.mp4_000031.bmp;65;
110;D:\hole\0014.bmp;57;
110;D:\hole\video09.mp4_000039.bmp;57;
111;D:\hole\0015.bmp;61;
111;D:\hole\video09.mp4_000051.bmp;61;
112;D:\hole\0016.bmp;57;
112;D:\hole\video09.mp4_000057.bmp;57;
113;D:\hole\0017.bmp;64;
113;D:\hole\video09.mp4_000064.bmp;64;
114;D:\hole\0018.bmp;60;
114;D:\hole\video09.mp4_000068.bmp;60;
115;D:\hole\0019.bmp;57;
115;D:\hole\video09.mp4_000073.bmp;57;
116;D:\hole\0020.bmp;58;
116;D:\hole\video09.mp4_000076.bmp;58;
117;D:\hole\0021.bmp;58;
117;D:\hole\video09.mp4_000077.bmp;58;
118;D:\hole\0022.bmp;55;
118;D:\hole\video09.mp4_000083.bmp;55;
119;D:\hole\0023.bmp;60;
119;D:\hole\video09.mp4_000085.bmp;60;
120;D:\hole\0025.bmp;58;
120;D:\hole\video09.mp4_000089.bmp;58;
121;D:\hole\0026.bmp;78;
121;D:\hole\video09.mp4_000098.bmp;78;
122;D:\hole\0027.bmp;47;
122;D:\hole\video09.mp4_000103.bmp;47;
123;D:\hole\0028.bmp;61;
123;D:\hole\video09.mp4_000105.bmp;61;
124;D:\hole\0029.bmp;66;
124;D:\hole\video09.mp4_000108.bmp;66;
125;D:\hole\0030.bmp;68;
125;D:\hole\video10.mp4_000045.bmp;68;
126;D:\hole\0031.bmp;61;
126;D:\hole\video10.mp4_000052.bmp;61;
127;D:\hole\0032.bmp;49;
127;D:\hole\video11.mp4_000007.bmp;49;
128;D:\hole\0033.bmp;63;
128;D:\hole\video11.mp4_000045.bmp;63;
129;D:\hole\0034.bmp;65;
129;D:\hole\video11.mp4_000046.bmp;65;
130;D:\hole\0036.bmp;63;
130;D:\hole\video11.mp4_000082.bmp;63;
131;D:\hole\0037.bmp;62;
131;D:\hole\video11.mp4_000095.bmp;62;
132;D:\hole\0038.bmp;56;
132;D:\hole\video11.mp4_000142.bmp;56;
133;D:\hole\0039.bmp;60;
133;D:\hole\video12.mp4_000010.bmp;60;
134;D:\hole\0040.bmp;50;
134;D:\hole\video12.mp4_000021.bmp;50;
135;D:\hole\0041.bmp;58;
135;D:\hole\video12.mp4_000022.bmp;58;
136;D:\hole\0042.bmp;59;
136;D:\hole\video12.mp4_000023.bmp;59;
137;D:\hole\0043.bmp;45;
137;D:\hole\video12.mp4_000026.bmp;45;
138;D:\hole\0044.bmp;45;
138;D:\hole\video15.mp4_000013.bmp;45;
139;D:\hole\0045.bmp;61;
139;D:\hole\video15.mp4_000015.bmp;61;
140;D:\hole\0047.bmp;63;
140;D:\hole\video15.mp4_000060.bmp;63;
141;D:\hole\0048.bmp;51;
141;D:\hole\video15.mp4_000063.bmp;51;
142;D:\hole\0049.bmp;67;
142;D:\hole\video15.mp4_000064.bmp;67;
143;D:\hole\0050.bmp;66;
143;D:\hole\video15.mp4_000065.bmp;66;
144;D:\hole\0051.bmp;61;
144;D:\hole\video15.mp4_000076.bmp;61;
145;D:\hole\0052.bmp;61;
145;D:\hole\video15.mp4_000078.bmp;61;
146;D:\hole\0053.bmp;56;
146;D:\hole\video15.mp4_000089.bmp;56;
147;D:\hole\0054.bmp;49;
147;D:\hole\video15.mp4_000102.bmp;49;
148;D:\hole\0055.bmp;58;
148;D:\hole\video16.mp4_000005.bmp;58;
149;D:\hole\0056.bmp;46;
149;D:\hole\video16.mp4_000021.bmp;46;
150;D:\hole\0058.bmp;65;
150;D:\hole\video16.mp4_000041.bmp;65;
151;D:\hole\0059.bmp;52;
151;D:\hole\video16.mp4_000065.bmp;52;
152;D:\hole\0060.bmp;54;
152;D:\hole\video16.mp4_000068.bmp;54;
153;D:\hole\0061.bmp;59;
153;D:\hole\video16.mp4_000076.bmp;59;
154;D:\hole\0062.bmp;54;
154;D:\hole\video16.mp4_000077.bmp;54;
155;D:\hole\0063.bmp;66;
155;D:\hole\video16.mp4_000078.bmp;66;
156;D:\hole\0064.bmp;69;
156;D:\hole\video16.mp4_000103.bmp;69;
157;D:\hole\0065.bmp;61;
157;D:\hole\video16.mp4_000111.bmp;61;
158;D:\hole\0066.bmp;47;
158;D:\hole\video16.mp4_000117.bmp;47;
159;D:\hole\0067.bmp;56;
159;D:\hole\video16.mp4_000122.bmp;56;
160;D:\hole\0069.bmp;69;
160;D:\hole\video16.mp4_000123.bmp;69;
161;D:\hole\0070.bmp;43;
161;D:\hole\video16.mp4_000127.bmp;43;
162;D:\hole\0071.bmp;64;
162;D:\hole\video17.mp4_000018.bmp;64;
163;D:\hole\0072.bmp;69;
163;D:\hole\video17.mp4_000021.bmp;69;
164;D:\hole\0073.bmp;63;
164;D:\hole\video17.mp4_000032.bmp;63;
165;D:\hole\0074.bmp;69;
165;D:\hole\video17.mp4_000040.bmp;69;
166;D:\hole\0075.bmp;59;
166;D:\hole\video17.mp4_000047.bmp;59;
167;D:\hole\0076.bmp;66;
167;D:\hole\video17.mp4_000063.bmp;66;
168;D:\hole\0077.bmp;65;
168;D:\hole\video18.mp4_000003.bmp;65;
169;D:\hole\0078.bmp;66;
169;D:\hole\video18.mp4_000016.bmp;66;
170;D:\hole\0080.bmp;57;
170;D:\hole\video18.mp4_000021.bmp;57;
171;D:\hole\0081.bmp;62;
171;D:\hole\video18.mp4_000026.bmp;62;
172;D:\hole\0082.bmp;57;
172;D:\hole\video18.mp4_000096.bmp;57;
173;D:\hole\0083.bmp;57;
173;D:\hole\video19.mp4_000019.bmp;57;
174;D:\hole\0084.bmp;62;
174;D:\hole\video19.mp4_000023.bmp;62;
175;D:\hole\0085.bmp;71;
175;D:\hole\video19.mp4_000034.bmp;71;
176;D:\hole\0086.bmp;47;
176;D:\hole\video19.mp4_000045.bmp;47;
177;D:\hole\0087.bmp;60;
177;D:\hole\video19.mp4_000046.bmp;60;
178;D:\hole\0088.bmp;58;
178;D:\hole\video19.mp4_000051.bmp;58;
179;D:\hole\0089.bmp;66;
179;D:\hole\video19.mp4_000070.bmp;66;
180;D:\hole\0091.bmp;60;
180;D:\hole\video19.mp4_000083.bmp;60;
181;D:\hole\0092.bmp;60;
181;D:\hole\video19.mp4_000089.bmp;60;
182;D:\hole\0093.bmp;64;
182;D:\hole\video19.mp4_000097.bmp;64;
183;D:\hole\0094.bmp;59;
183;D:\hole\video19.mp4_000098.bmp;59;
184;D:\hole\0095.bmp;68;
184;D:\hole\video19.mp4_000103.bmp;68;
185;D:\hole\0096.bmp;54;
185;D:\hole\video20.mp4_000004.bmp;54;
186;D:\hole\0097.bmp;67;
186;D:\hole\video20.mp4_000008.bmp;67;
187;D:\hole\0098.bmp;60;
187;D:\hole\video20.mp4_000009.bmp;60;
188;D:\hole\0099.bmp;74;
188;D:\hole\video20.mp4_000021.bmp;74;
189;D:\hole\0100.bmp;54;
189;D:\hole\video20.mp4_000023.bmp;54;
190;D:\hole\0102.bmp;63;
190;D:\hole\video20.mp4_000026.bmp;63;
191;D:\hole\0103.bmp;72;
191;D:\hole\video20.mp4_000027.bmp;72;
192;D:\hole\0104.bmp;67;
192;D:\hole\video20.mp4_000037.bmp;67;
193;D:\hole\0105.bmp;70;
193;D:\hole\video20.mp4_000046.bmp;70;
194;D:\hole\0106.bmp;67;
194;D:\hole\video22.mp4_000001.bmp;67;
195;D:\hole\0107.bmp;52;
195;D:\hole\video23.mp4_000034.bmp;52;
196;D:\hole\0108.bmp;58;
196;D:\hole\video24.mp4_000015.bmp;58;
197;D:\hole\0109.bmp;63;
197;D:\hole\video24.mp4_000022.bmp;63;
198;D:\hole\0110.bmp;70;
198;D:\hole\video24.mp4_000042.bmp;70;
199;D:\hole\0111.bmp;57;
199;D:\hole\video24.mp4_000044.bmp;57;
200;D:\hole\0114.bmp;64;
200;D:\hole\video24.mp4_000047.bmp;64;
201;D:\hole\0115.bmp;77;
201;D:\hole\video24.mp4_000068.bmp;77;
202;D:\hole\0116.bmp;70;
202;D:\hole\video24.mp4_000077.bmp;70;
203;D:\hole\0117.bmp;71;
203;D:\hole\video24.mp4_000084.bmp;71;
204;D:\hole\0118.bmp;61;
204;D:\hole\video24.mp4_000086.bmp;61;
205;D:\hole\0119.bmp;65;
205;D:\hole\video24.mp4_000098.bmp;65;
206;D:\hole\0120.bmp;66;
206;D:\hole\video25.mp4_000003.bmp;66;
207;D:\hole\0121.bmp;59;
207;D:\hole\video25.mp4_000085.bmp;59;
208;D:\hole\0122.bmp;62;
208;D:\hole\video26.mp4_000024.bmp;62;
209;D:\hole\0123.bmp;62;
209;D:\hole\video26.mp4_000029.bmp;62;
210;D:\hole\0125.bmp;63;
210;D:\hole\video27.mp4_000014.bmp;63;
211;D:\hole\0126.bmp;63;
211;D:\hole\video27.mp4_000018.bmp;63;
212;D:\hole\0127.bmp;54;
212;D:\hole\video27.mp4_000025.bmp;54;
213;D:\hole\0128.bmp;70;
213;D:\hole\video27.mp4_000027.bmp;70;
214;D:\hole\0129.bmp;57;
214;D:\hole\video27.mp4_000049.bmp;57;
215;D:\hole\0130.bmp;49;
215;D:\hole\video27.mp4_000050.bmp;49;
216;D:\hole\0131.bmp;61;
216;D:\hole\video27.mp4_000060.bmp;61;
217;D:\hole\0132.bmp;54;
217;D:\hole\video27.mp4_000064.bmp;54;
218;D:\hole\0133.bmp;57;
218;D:\hole\video27.mp4_000099.bmp;57;
219;D:\hole\0134.bmp;54;
219;D:\hole\video28.mp4_000033.bmp;54;
220;D:\hole\0136.bmp;55;
220;D:\hole\video28.mp4_000040.bmp;55;
221;D:\hole\0137.bmp;64;
221;D:\hole\video28.mp4_000041.bmp;64;
222;D:\hole\0138.bmp;65;
222;D:\hole\video28.mp4_000043.bmp;65;
223;D:\hole\0139.bmp;58;
223;D:\hole\video29.mp4_000015.bmp;58;
224;D:\hole\0140.bmp;59;
224;D:\hole\video29.mp4_000017.bmp;59;
225;D:\hole\0141.bmp;69;
225;D:\hole\video29.mp4_000020.bmp;69;
226;D:\hole\0142.bmp;64;
226;D:\hole\video29.mp4_000034.bmp;64;
227;D:\hole\0143.bmp;58;
227;D:\hole\video29.mp4_000036.bmp;58;
228;D:\hole\0144.bmp;54;
228;D:\hole\video29.mp4_000102.bmp;54;
229;D:\hole\0145.bmp;69;
229;D:\hole\video29.mp4_000107.bmp;69;
230;D:\hole\0147.bmp;62;
230;D:\hole\video29.mp4_000111.bmp;62;
231;D:\hole\0148.bmp;65;
231;D:\hole\video29.mp4_000113.bmp;65;
232;D:\hole\0149.bmp;68;
232;D:\hole\video30.mp4_000024.bmp;68;
233;D:\hole\0150.bmp;54;
233;D:\hole\video30.mp4_000026.bmp;54;
234;D:\hole\0151.bmp;61;
234;D:\hole\video30.mp4_000030.bmp;61;
235;D:\hole\0152.bmp;65;
235;D:\hole\video30.mp4_000037.bmp;65;
236;D:\hole\0153.bmp;66;
236;D:\hole\video30.mp4_000046.bmp;66;
237;D:\hole\0154.bmp;58;
237;D:\hole\video30.mp4_000048.bmp;58;
238;D:\hole\0155.bmp;56;
238;D:\hole\video30.mp4_000061.bmp;56;
239;D:\hole\0156.bmp;65;
239;D:\hole\video30.mp4_000062.bmp;65;
240;D:\hole\0158.bmp;53;
240;D:\hole\video30.mp4_000065.bmp;53;
241;D:\hole\0159.bmp;52;
241;D:\hole\video30.mp4_000068.bmp;52;
242;D:\hole\0160.bmp;59;
242;D:\hole\video30.mp4_000074.bmp;59;
243;D:\hole\0161.bmp;54;
243;D:\hole\video30.mp4_000083.bmp;54;
244;D:\hole\0162.bmp;68;
244;D:\hole\video30.mp4_000084.bmp;68;
245;D:\hole\0163.bmp;58;
245;D:\hole\video30.mp4_000085.bmp;58;
246;D:\hole\0164.bmp;53;
246;D:\hole\video30.mp4_000091.bmp;53;
247;D:\hole\0165.bmp;60;
247;D:\hole\video30.mp4_000106.bmp;60;
248;D:\hole\0166.bmp;66;
248;D:\hole\video30.mp4_000109.bmp;66;
249;D:\hole\0167.bmp;54;
249;D:\hole\video30.mp4_000112.bmp;54;
250;D:\hole\0169.bmp;59;
250;D:\hole\video30.mp4_000113.bmp;59;
251;D:\hole\0170.bmp;51;
251;D:\hole\video30.mp4_000123.bmp;51;
252;D:\hole\0171.bmp;68;
252;D:\hole\video30.mp4_000131.bmp;68;
253;D:\hole\0172.bmp;56;
253;D:\hole\video30.mp4_000134.bmp;56;
254;D:\hole\0173.bmp;49;
254;D:\hole\video30.mp4_000146.bmp;49;
255;D:\hole\0174.bmp;50;
255;D:\hole\video31.mp4_000011.bmp;50;
256;D:\hole\0175.bmp;65;
256;D:\hole\video31.mp4_000016.bmp;65;
257;D:\hole\0176.bmp;58;
257;D:\hole\video31.mp4_000020.bmp;58;
258;D:\hole\0177.bmp;59;
258;D:\hole\video31.mp4_000038.bmp;59;
259;D:\hole\0178.bmp;52;
259;D:\hole\video31.mp4_000043.bmp;52;
260;D:\hole\0180.bmp;66;
260;D:\hole\video31.mp4_000047.bmp;66;
261;D:\hole\0181.bmp;64;
261;D:\hole\video31.mp4_000049.bmp;64;
262;D:\hole\0182.bmp;58;
262;D:\hole\video31.mp4_000051.bmp;58;
263;D:\hole\0183.bmp;59;
263;D:\hole\video31.mp4_000060.bmp;59;
264;D:\hole\0184.bmp;56;
264;D:\hole\video31.mp4_000066.bmp;56;
265;D:\hole\0185.bmp;58;
265;D:\hole\video31.mp4_000075.bmp;58;
266;D:\hole\0186.bmp;58;
266;D:\hole\video31.mp4_000078.bmp;58;
267;D:\hole\0187.bmp;57;
267;D:\hole\video31.mp4_000083.bmp;57;
268;D:\hole\0188.bmp;70;
268;D:\hole\video31.mp4_000091.bmp;70;
269;D:\hole\0189.bmp;47;
269;D:\hole\video31.mp4_000094.bmp;47;
270;D:\hole\0191.bmp;46;
270;D:\hole\video31.mp4_000095.bmp;46;
271;D:\hole\0192.bmp;54;
271;D:\hole\video31.mp4_000103.bmp;54;
272;D:\hole\0193.bmp;58;
272;D:\hole\video31.mp4_000112.bmp;58;
273;D:\hole\0194.bmp;66;
273;D:\hole\video31.mp4_000122.bmp;66;
274;D:\hole\0195.bmp;55;
274;D:\hole\video31.mp4_000127.bmp;55;
275;D:\hole\0196.bmp;59;
275;D:\hole\video31.mp4_000134.bmp;59;
276;D:\hole\0197.bmp;61;
276;D:\hole\video31.mp4_000136.bmp;61;
277;D:\hole\0198.bmp;51;
277;D:\hole\video31.mp4_000142.bmp;51;
278;D:\hole\0199.bmp;62;
278;D:\hole\video31.mp4_000160.bmp;62;
279;D:\hole\0200.bmp;58;
279;D:\hole\video31.mp4_000167.bmp;58;
280;D:\hole\0202.bmp;54;
280;D:\hole\video31.mp4_000175.bmp;54;
281;D:\hole\0203.bmp;67;
281;D:\hole\video31.mp4_000181.bmp;67;
282;D:\hole\0204.bmp;62;
282;D:\hole\video31.mp4_000182.bmp;62;
283;D:\hole\0205.bmp;62;
283;D:\hole\video31.mp4_000190.bmp;62;
284;D:\hole\0206.bmp;62;
284;D:\hole\video32.mp4_000020.bmp;62;
285;D:\hole\0207.bmp;53;
285;D:\hole\video32.mp4_000030.bmp;53;
286;D:\hole\0208.bmp;57;
286;D:\hole\video32.mp4_000031.bmp;57;
287;D:\hole\0209.bmp;65;
287;D:\hole\video32.mp4_000034.bmp;65;
288;D:\hole\0210.bmp;61;
288;D:\hole\video32.mp4_000036.bmp;61;
289;D:\hole\0211.bmp;66;
289;D:\hole\video32.mp4_000042.bmp;66;
290;D:\hole\0213.bmp;54;
290;D:\hole\video32.mp4_000052.bmp;54;
291;D:\hole\0214.bmp;48;
291;D:\hole\video32.mp4_000074.bmp;48;
292;D:\hole\0215.bmp;54;
292;D:\hole\video32.mp4_000101.bmp;54;
293;D:\hole\0216.bmp;60;
293;D:\hole\video33.mp4_000004.bmp;60;
294;D:\hole\0217.bmp;56;
294;D:\hole\video33.mp4_000008.bmp;56;
295;D:\hole\0218.bmp;73;
295;D:\hole\video33.mp4_000019.bmp;73;
296;D:\hole\0219.bmp;51;
296;D:\hole\video34.mp4_000019.bmp;51;
297;D:\hole\0220.bmp;51;
297;D:\hole\video34.mp4_000027.bmp;51;
298;D:\hole\0221.bmp;56;
298;D:\hole\video34.mp4_000033.bmp;56;
299;D:\hole\0222.bmp;47;
299;D:\hole\video34.mp4_000064.bmp;47;
300;D:\hole\0300.bmp;76;
300;D:\hole\video35.mp4_000049.bmp;76;
301;D:\hole\0301.bmp;58;
301;D:\hole\video36.mp4_000032.bmp;58;
302;D:\hole\0302.bmp;67;
302;D:\hole\video36.mp4_000035.bmp;67;
303;D:\hole\0303.bmp;69;
303;D:\hole\video36.mp4_000037.bmp;69;
304;D:\hole\0304.bmp;67;
304;D:\hole\video36.mp4_000046.bmp;67;
305;D:\hole\0305.bmp;77;
305;D:\hole\video36.mp4_000048.bmp;77;
306;D:\hole\0306.bmp;75;
306;D:\hole\video36.mp4_000049.bmp;75;
307;D:\hole\0307.bmp;74;
307;D:\hole\video36.mp4_000053.bmp;74;
308;D:\hole\0308.bmp;72;
308;D:\hole\video36.mp4_000063.bmp;72;
309;D:\hole\0309.bmp;82;
309;D:\hole\video36.mp4_000064.bmp;82;
310;D:\hole\0310.bmp;79;
310;D:\hole\video36.mp4_000068.bmp;79;
311;D:\hole\0311.bmp;75;
311;D:\hole\video36.mp4_000071.bmp;75;
312;D:\hole\0312.bmp;78;
312;D:\hole\video36.mp4_000080.bmp;78;
313;D:\hole\0313.bmp;72;
313;D:\hole\video36.mp4_000081.bmp;72;
314;D:\hole\0314.bmp;67;
314;D:\hole\video36.mp4_000094.bmp;67;
315;D:\hole\0315.bmp;71;
315;D:\hole\video36.mp4_000101.bmp;71;
316;D:\hole\0316.bmp;78;
316;D:\hole\video36.mp4_000121.bmp;78;
317;D:\hole\0317.bmp;75;
317;D:\hole\video37.mp4_000004.bmp;75;
318;D:\hole\0318.bmp;67;
318;D:\hole\video37.mp4_000007.bmp;67;
319;D:\hole\0319.bmp;80;
319;D:\hole\video37.mp4_000012.bmp;80;
320;D:\hole\0320.bmp;63;
320;D:\hole\video37.mp4_000013.bmp;63;
321;D:\hole\0321.bmp;54;
321;D:\hole\video37.mp4_000015.bmp;54;
322;D:\hole\0322.bmp;60;
322;D:\hole\video37.mp4_000021.bmp;60;
323;D:\hole\0323.bmp;66;
323;D:\hole\video37.mp4_000023.bmp;66;
324;D:\hole\video37.mp4_000023.bmp;1;
324;D:\hole\video37.mp4_000024.bmp;1;
325;D:\hole\0325.bmp;76;
325;D:\hole\video37.mp4_000034.bmp;76;
326;D:\hole\0326.bmp;55;
326;D:\hole\video38.mp4_000011.bmp;55;
327;D:\hole\0327.bmp;55;
327;D:\hole\video38.mp4_000019.bmp;55;
328;D:\hole\0328.bmp;64;
328;D:\hole\video38.mp4_000023.bmp;64;
329;D:\hole\0329.bmp;66;
329;D:\hole\video38.mp4_000032.bmp;66;
330;D:\hole\0330.bmp;74;
330;D:\hole\video38.mp4_000058.bmp;74;
331;D:\hole\0331.bmp;74;
331;D:\hole\video38.mp4_000097.bmp;74;
332;D:\hole\0332.bmp;66;
332;D:\hole\video39.mp4_000009.bmp;66;
333;D:\hole\0333.bmp;82;
333;D:\hole\video39.mp4_000016.bmp;82;
334;D:\hole\0334.bmp;69;
334;D:\hole\video39.mp4_000030.bmp;69;
335;D:\hole\0335.bmp;73;
335;D:\hole\video39.mp4_000055.bmp;73;
336;D:\hole\0336.bmp;74;
336;D:\hole\video39.mp4_000065.bmp;74;
337;D:\hole\0337.bmp;67;
337;D:\hole\video39.mp4_000070.bmp;67;
338;D:\hole\0338.bmp;66;
338;D:\hole\video39.mp4_000075.bmp;66;
339;D:\hole\0339.bmp;71;
339;D:\hole\video41.mp4_000016.bmp;71;
340;D:\hole\0340.bmp;70;
340;D:\hole\video41.mp4_000019.bmp;70;
341;D:\hole\0341.bmp;73;
341;D:\hole\video41.mp4_000024.bmp;73;
342;D:\hole\0342.bmp;74;
342;D:\hole\video41.mp4_000062.bmp;74;
343;D:\hole\0343.bmp;74;
343;D:\hole\video41.mp4_000065.bmp;74;
344;D:\hole\0344.bmp;77;
344;D:\hole\video41.mp4_000072.bmp;77;
345;D:\hole\0345.bmp;72;
345;D:\hole\video41.mp4_000150.bmp;72;
346;D:\hole\0346.bmp;67;
346;D:\hole\video42.mp4_000017.bmp;67;
347;D:\hole\0347.bmp;73;
347;D:\hole\video42.mp4_000018.bmp;73;
348;D:\hole\0348.bmp;67;
348;D:\hole\video42.mp4_000029.bmp;67;
349;D:\hole\0349.bmp;72;
349;D:\hole\video42.mp4_000035.bmp;72;
350;D:\hole\0350.bmp;74;
350;D:\hole\video42.mp4_000055.bmp;74;
351;D:\hole\0351.bmp;78;
351;D:\hole\video42.mp4_000084.bmp;78;
352;D:\hole\0352.bmp;80;
352;D:\hole\video42.mp4_000102.bmp;80;
353;D:\hole\0353.bmp;73;
353;D:\hole\video43.mp4_000013.bmp;73;
354;D:\hole\0354.bmp;67;
354;D:\hole\video43.mp4_000025.bmp;67;
355;D:\hole\0355.bmp;76;
355;D:\hole\video43.mp4_000026.bmp;76;
356;D:\hole\0356.bmp;88;
356;D:\hole\video43.mp4_000042.bmp;88;
357;D:\hole\0357.bmp;71;
357;D:\hole\video43.mp4_000053.bmp;71;
358;D:\hole\0358.bmp;74;
358;D:\hole\video43.mp4_000069.bmp;74;
359;D:\hole\0359.bmp;72;
359;D:\hole\video43.mp4_000070.bmp;72;
360;D:\hole\0360.bmp;66;
360;D:\hole\video43.mp4_000071.bmp;66;
361;D:\hole\0361.bmp;73;
361;D:\hole\video43.mp4_000075.bmp;73;
362;D:\hole\0362.bmp;69;
362;D:\hole\video43.mp4_000088.bmp;69;
363;D:\hole\0363.bmp;71;
363;D:\hole\video43.mp4_000089.bmp;71;
364;D:\hole\0364.bmp;69;
364;D:\hole\video43.mp4_000092.bmp;69;
365;D:\hole\0365.bmp;68;
365;D:\hole\video43.mp4_000100.bmp;68;
366;D:\hole\0366.bmp;73;
366;D:\hole\video43.mp4_000113.bmp;73;
367;D:\hole\0367.bmp;72;
367;D:\hole\video44.mp4_000007.bmp;72;
368;D:\hole\0368.bmp;60;
368;D:\hole\video44.mp4_000009.bmp;60;
369;D:\hole\0369.bmp;70;
369;D:\hole\video44.mp4_000024.bmp;70;
370;D:\hole\0370.bmp;70;
370;D:\hole\video44.mp4_000038.bmp;70;
371;D:\hole\0371.bmp;85;
371;D:\hole\video44.mp4_000044.bmp;85;
372;D:\hole\0372.bmp;70;
372;D:\hole\video44.mp4_000055.bmp;70;
373;D:\hole\0373.bmp;76;
373;D:\hole\video44.mp4_000056.bmp;76;
374;D:\hole\0374.bmp;70;
374;D:\hole\video44.mp4_000070.bmp;70;
375;D:\hole\0375.bmp;85;
375;D:\hole\video44.mp4_000081.bmp;85;
376;D:\hole\0376.bmp;73;
376;D:\hole\video44.mp4_000086.bmp;73;
377;D:\hole\0377.bmp;74;
377;D:\hole\video44.mp4_000098.bmp;74;
378;D:\hole\0378.bmp;74;
378;D:\hole\video44.mp4_000125.bmp;74;
379;D:\hole\0379.bmp;73;
379;D:\hole\video44.mp4_000128.bmp;73;
380;D:\hole\0380.bmp;71;
380;D:\hole\video44.mp4_000136.bmp;71;
381;D:\hole\0381.bmp;79;
381;D:\hole\video44.mp4_000148.bmp;79;
382;D:\hole\0382.bmp;72;
382;D:\hole\video45.mp4_000011.bmp;72;
383;D:\hole\0383.bmp;60;
383;D:\hole\video45.mp4_000014.bmp;60;
384;D:\hole\0384.bmp;74;
384;D:\hole\video45.mp4_000020.bmp;74;
385;D:\hole\0385.bmp;70;
385;D:\hole\video45.mp4_000054.bmp;70;
386;D:\hole\0386.bmp;66;
386;D:\hole\video45.mp4_000059.bmp;66;
387;D:\hole\0387.bmp;70;
387;D:\hole\video45.mp4_000082.bmp;70;
388;D:\hole\0388.bmp;82;
388;D:\hole\video45.mp4_000092.bmp;82;
389;D:\hole\0389.bmp;80;
389;D:\hole\video45.mp4_000094.bmp;80;
390;D:\hole\0390.bmp;74;
390;D:\hole\video45.mp4_000099.bmp;74;
391;D:\hole\0391.bmp;73;
391;D:\hole\video45.mp4_000104.bmp;73;
392;D:\hole\0392.bmp;76;
392;D:\hole\video45.mp4_000117.bmp;76;
393;D:\hole\0393.bmp;75;
393;D:\hole\video45.mp4_000139.bmp;75;
394;D:\hole\0394.bmp;70;
394;D:\hole\video46.mp4_000006.bmp;70;
395;D:\hole\0395.bmp;73;
395;D:\hole\video46.mp4_000032.bmp;73;
396;D:\hole\0396.bmp;68;
396;D:\hole\video47.mp4_000004.bmp;68;
397;D:\hole\0397.bmp;64;
397;D:\hole\video47.mp4_000043.bmp;64;
398;D:\hole\0398.bmp;64;
398;D:\hole\video47.mp4_000100.bmp;64;
399;D:\hole\0399.bmp;63;
399;D:\hole\video47.mp4_000101.bmp;63;
400;D:\hole\0400.bmp;72;
400;D:\hole\video47.mp4_000102.bmp;72;
401;D:\hole\0401.bmp;80;
401;D:\hole\video48.mp4_000033.bmp;80;
402;D:\hole\0402.bmp;78;
402;D:\hole\video48.mp4_000034.bmp;78;
403;D:\hole\0403.bmp;80;
403;D:\hole\video48.mp4_000058.bmp;80;
404;D:\hole\0404.bmp;72;
404;D:\hole\video48.mp4_000060.bmp;72;
405;D:\hole\0405.bmp;79;
405;D:\hole\video48.mp4_000063.bmp;79;
406;D:\hole\0406.bmp;65;
406;D:\hole\video48.mp4_000089.bmp;65;
407;D:\hole\0407.bmp;67;
407;D:\hole\video49.mp4_000009.bmp;67;
408;D:\hole\0408.bmp;69;
408;D:\hole\video49.mp4_000055.bmp;69;
409;D:\hole\0409.bmp;63;
409;D:\hole\video49.mp4_000057.bmp;63;
410;D:\hole\0410.bmp;57;
410;D:\hole\video49.mp4_000065.bmp;57;
411;D:\hole\0411.bmp;66;
411;D:\hole\video49.mp4_000067.bmp;66;
412;D:\hole\0412.bmp;70;
412;D:\hole\video51.mp4_000098.bmp;70;
413;D:\hole\0413.bmp;71;
413;D:\hole\video51.mp4_000099.bmp;71;
414;D:\hole\0414.bmp;76;
414;D:\hole\video51.mp4_000124.bmp;76;
415;D:\hole\0415.bmp;71;
415;D:\hole\video51.mp4_000146.bmp;71;
416;D:\hole\0416.bmp;69;
416;D:\hole\video52.mp4_000020.bmp;69;
417;D:\hole\0417.bmp;73;
417;D:\hole\video52.mp4_000025.bmp;73;
418;D:\hole\0418.bmp;75;
418;D:\hole\video52.mp4_000026.bmp;75;
419;D:\hole\0419.bmp;74;
419;D:\hole\video52.mp4_000037.bmp;74;
420;D:\hole\0420.bmp;74;
420;D:\hole\video52.mp4_000039.bmp;74;
421;D:\hole\0421.bmp;77;
421;D:\hole\video52.mp4_000042.bmp;77;
422;D:\hole\0422.bmp;75;
422;D:\hole\video52.mp4_000048.bmp;75;
423;D:\hole\0423.bmp;57;
423;D:\hole\video52.mp4_000052.bmp;57;
424;D:\hole\0424.bmp;71;
424;D:\hole\video52.mp4_000063.bmp;71;
425;D:\hole\0425.bmp;64;
425;D:\hole\video52.mp4_000083.bmp;64;
426;D:\hole\0426.bmp;72;
426;D:\hole\video52.mp4_000085.bmp;72;
427;D:\hole\0427.bmp;70;
427;D:\hole\video52.mp4_000096.bmp;70;
428;D:\hole\0428.bmp;74;
428;D:\hole\video53.mp4_000019.bmp;74;
429;D:\hole\0429.bmp;80;
429;D:\hole\video53.mp4_000035.bmp;80;
430;D:\hole\0430.bmp;75;
430;D:\hole\video53.mp4_000036.bmp;75;
431;D:\hole\0431.bmp;77;
431;D:\hole\video53.mp4_000041.bmp;77;
432;D:\hole\0432.bmp;72;
432;D:\hole\video53.mp4_000071.bmp;72;
433;D:\hole\0433.bmp;67;
433;D:\hole\video53.mp4_000093.bmp;67;
434;D:\hole\0434.bmp;70;
434;D:\hole\video53.mp4_000112.bmp;70;
435;D:\hole\0435.bmp;74;
435;D:\hole\video53.mp4_000156.bmp;74;
436;D:\hole\0436.bmp;75;
436;D:\hole\video53.mp4_000157.bmp;75;
437;D:\hole\0437.bmp;81;
437;D:\hole\video53.mp4_000158.bmp;81;
438;D:\hole\0438.bmp;71;
438;D:\hole\video53.mp4_000163.bmp;71;
439;D:\hole\0439.bmp;73;
439;D:\hole\video54.mp4_000001.bmp;73;
440;D:\hole\0440.bmp;75;
440;D:\hole\video54.mp4_000005.bmp;75;
441;D:\hole\0441.bmp;79;
441;D:\hole\video54.mp4_000021.bmp;79;
442;D:\hole\0442.bmp;70;
442;D:\hole\video54.mp4_000029.bmp;70;
443;D:\hole\0443.bmp;72;
443;D:\hole\video54.mp4_000030.bmp;72;
444;D:\hole\0444.bmp;82;
444;D:\hole\video54.mp4_000034.bmp;82;
445;D:\hole\0445.bmp;74;
445;D:\hole\video54.mp4_000040.bmp;74;
446;D:\hole\0446.bmp;78;
446;D:\hole\video54.mp4_000043.bmp;78;
447;D:\hole\0447.bmp;66;
447;D:\hole\video54.mp4_000057.bmp;66;
448;D:\hole\0448.bmp;72;
448;D:\hole\video54.mp4_000065.bmp;72;
449;D:\hole\0449.bmp;75;
449;D:\hole\video54.mp4_000070.bmp;75;
450;D:\hole\0450.bmp;74;
450;D:\hole\video54.mp4_000078.bmp;74;
451;D:\hole\0451.bmp;66;
451;D:\hole\video54.mp4_000081.bmp;66;
452;D:\hole\0452.bmp;68;
452;D:\hole\video54.mp4_000086.bmp;68;
453;D:\hole\0453.bmp;74;
453;D:\hole\video54.mp4_000088.bmp;74;
454;D:\hole\0454.bmp;78;
454;D:\hole\video54.mp4_000146.bmp;78;
455;D:\hole\0455.bmp;81;
455;D:\hole\video54.mp4_000148.bmp;81;
456;D:\hole\0456.bmp;76;
456;D:\hole\video56.mp4_000069.bmp;76;
457;D:\hole\0457.bmp;67;
457;D:\hole\video57.mp4_000020.bmp;67;
458;D:\hole\0458.bmp;68;
458;D:\hole\video57.mp4_000032.bmp;68;
459;D:\hole\0459.bmp;69;
459;D:\hole\video57.mp4_000034.bmp;69;
460;D:\hole\0460.bmp;58;
460;D:\hole\video57.mp4_000046.bmp;58;
461;D:\hole\0461.bmp;64;
461;D:\hole\video57.mp4_000047.bmp;64;
462;D:\hole\0462.bmp;67;
462;D:\hole\video57.mp4_000048.bmp;67;
463;D:\hole\0463.bmp;74;
463;D:\hole\video57.mp4_000049.bmp;74;
464;D:\hole\0464.bmp;63;
464;D:\hole\video57.mp4_000050.bmp;63;
465;D:\hole\0465.bmp;63;
465;D:\hole\video57.mp4_000070.bmp;63;
466;D:\hole\0466.bmp;71;
466;D:\hole\video57.mp4_000076.bmp;71;
467;D:\hole\0467.bmp;73;
467;D:\hole\video58.mp4_000009.bmp;73;
468;D:\hole\0468.bmp;74;
468;D:\hole\video58.mp4_000021.bmp;74;
469;D:\hole\0469.bmp;75;
469;D:\hole\video58.mp4_000023.bmp;75;
470;D:\hole\0470.bmp;82;
470;D:\hole\video58.mp4_000037.bmp;82;
471;D:\hole\0471.bmp;76;
471;D:\hole\video58.mp4_000038.bmp;76;
472;D:\hole\0472.bmp;79;
472;D:\hole\video58.mp4_000056.bmp;79;
473;D:\hole\0473.bmp;70;
473;D:\hole\video58.mp4_000058.bmp;70;
474;D:\hole\0474.bmp;76;
474;D:\hole\video58.mp4_000085.bmp;76;
475;D:\hole\0475.bmp;75;
475;D:\hole\video58.mp4_000166.bmp;75;
476;D:\hole\0476.bmp;66;
476;D:\hole\video58.mp4_000178.bmp;66;
477;D:\hole\0477.bmp;75;
477;D:\hole\video58.mp4_000184.bmp;75;
478;D:\hole\0478.bmp;68;
478;D:\hole\video58.mp4_000198.bmp;68;
479;D:\hole\0479.bmp;58;
479;D:\hole\video59.mp4_000037.bmp;58;
480;D:\hole\0480.bmp;74;
480;D:\hole\video60.mp4_000037.bmp;74;
481;D:\hole\0481.bmp;75;
481;D:\hole\video60.mp4_000041.bmp;75;
482;D:\hole\0482.bmp;74;
482;D:\hole\video60.mp4_000103.bmp;74;
483;D:\hole\0483.bmp;77;
483;D:\hole\video60.mp4_000107.bmp;77;
484;D:\hole\0484.bmp;74;
484;D:\hole\video60.mp4_000109.bmp;74;
485;D:\hole\0485.bmp;60;
485;D:\hole\video60.mp4_000111.bmp;60;
486;D:\hole\0486.bmp;74;
486;D:\hole\video61.mp4_000193.bmp;74;
487;D:\hole\0487.bmp;72;
487;D:\hole\video62.mp4_000007.bmp;72;
488;D:\hole\0488.bmp;67;
488;D:\hole\video62.mp4_000014.bmp;67;
489;D:\hole\0489.bmp;70;
489;D:\hole\video62.mp4_000026.bmp;70;
490;D:\hole\0490.bmp;69;
490;D:\hole\video62.mp4_000041.bmp;69;
491;D:\hole\0491.bmp;68;
491;D:\hole\video62.mp4_000056.bmp;68;
492;D:\hole\0492.bmp;70;
492;D:\hole\video62.mp4_000065.bmp;70;
493;D:\hole\0493.bmp;73;
493;D:\hole\video62.mp4_000086.bmp;73;
494;D:\hole\0494.bmp;77;
494;D:\hole\video63.mp4_000011.bmp;77;
495;D:\hole\0495.bmp;70;
495;D:\hole\video63.mp4_000015.bmp;70;
496;D:\hole\0496.bmp;68;
496;D:\hole\video63.mp4_000025.bmp;68;
497;D:\hole\0497.bmp;67;
497;D:\hole\video63.mp4_000030.bmp;67;
498;D:\hole\0498.bmp;66;
498;D:\hole\video63.mp4_000039.bmp;66;
499;D:\hole\0499.bmp;54;
499;D:\hole\video63.mp4_000082.bmp;54;
500;D:\hole\0500.bmp;74;
500;D:\hole\video63.mp4_000096.bmp;74;
501;D:\hole\0501.bmp;82;
501;D:\hole\video63.mp4_000121.bmp;82;
502;D:\hole\0502.bmp;76;
502;D:\hole\video63.mp4_000134.bmp;76;
503;D:\hole\0503.bmp;78;
503;D:\hole\video63.mp4_000137.bmp;78;
504;D:\hole\0504.bmp;68;
504;D:\hole\video63.mp4_000141.bmp;68;
505;D:\hole\0505.bmp;65;
505;D:\hole\video64.mp4_000011.bmp;65;
506;D:\hole\0506.bmp;63;
506;D:\hole\video64.mp4_000013.bmp;63;
507;D:\hole\0507.bmp;73;
507;D:\hole\video64.mp4_000019.bmp;73;
508;D:\hole\0508.bmp;74;
508;D:\hole\video64.mp4_000023.bmp;74;
509;D:\hole\0509.bmp;70;
509;D:\hole\video64.mp4_000036.bmp;70;
510;D:\hole\0510.bmp;70;
510;D:\hole\video64.mp4_000041.bmp;70;
511;D:\hole\0511.bmp;64;
511;D:\hole\video64.mp4_000058.bmp;64;
512;D:\hole\0512.bmp;70;
512;D:\hole\video65.mp4_000013.bmp;70;
513;D:\hole\0513.bmp;74;
513;D:\hole\video65.mp4_000035.bmp;74;
514;D:\hole\0514.bmp;81;
514;D:\hole\video65.mp4_000044.bmp;81;
515;D:\hole\0515.bmp;74;
515;D:\hole\video65.mp4_000050.bmp;74;
516;D:\hole\0516.bmp;77;
516;D:\hole\video65.mp4_000057.bmp;77;
517;D:\hole\0517.bmp;72;
517;D:\hole\video65.mp4_000063.bmp;72;
518;D:\hole\0518.bmp;69;
518;D:\hole\video65.mp4_000070.bmp;69;
519;D:\hole\0519.bmp;70;
519;D:\hole\video66.mp4_000019.bmp;70;
520;D:\hole\0520.bmp;67;
520;D:\hole\video66.mp4_000031.bmp;67;
521;D:\hole\0521.bmp;69;
521;D:\hole\video66.mp4_000034.bmp;69;
522;D:\hole\0522.bmp;66;
522;D:\hole\video66.mp4_000047.bmp;66;
523;D:\hole\0523.bmp;72;
523;D:\hole\video67.mp4_000014.bmp;72;
524;D:\hole\0524.bmp;58;
524;D:\hole\video67.mp4_000018.bmp;58;
525;D:\hole\0525.bmp;67;
525;D:\hole\video67.mp4_000020.bmp;67;
526;D:\hole\0526.bmp;59;
526;D:\hole\video67.mp4_000024.bmp;59;
527;D:\hole\0527.bmp;71;
527;D:\hole\video67.mp4_000030.bmp;71;
528;D:\hole\0528.bmp;64;
528;D:\hole\video67.mp4_000031.bmp;64;
529;D:\hole\0529.bmp;67;
529;D:\hole\video67.mp4_000039.bmp;67;
530;D:\hole\0530.bmp;63;
530;D:\hole\video67.mp4_000042.bmp;63;
531;D:\hole\0531.bmp;54;
531;D:\hole\video67.mp4_000052.bmp;54;
532;D:\hole\0532.bmp;71;
532;D:\hole\video67.mp4_000053.bmp;71;
533;D:\hole\0533.bmp;73;
533;D:\hole\video67.mp4_000054.bmp;73;
534;D:\hole\0534.bmp;66;
534;D:\hole\video67.mp4_000056.bmp;66;
535;D:\hole\0535.bmp;68;
535;D:\hole\video67.mp4_000058.bmp;68;
536;D:\hole\0536.bmp;63;
536;D:\hole\video67.mp4_000063.bmp;63;
537;D:\hole\0537.bmp;69;
537;D:\hole\video67.mp4_000074.bmp;69;
538;D:\hole\0538.bmp;75;
538;D:\hole\video67.mp4_000119.bmp;75;
539;D:\hole\0539.bmp;70;
539;D:\hole\video68.mp4_000074.bmp;70;
540;D:\hole\0540.bmp;82;
540;D:\hole\video69.mp4_000020.bmp;82;
541;D:\hole\0541.bmp;74;
541;D:\hole\video69.mp4_000029.bmp;74;
542;D:\hole\0542.bmp;72;
542;D:\hole\video69.mp4_000043.bmp;72;
543;D:\hole\0543.bmp;66;
543;D:\hole\video69.mp4_000044.bmp;66;
544;D:\hole\0544.bmp;75;
544;D:\hole\video69.mp4_000054.bmp;75;
545;D:\hole\0545.bmp;79;
545;D:\hole\video69.mp4_000058.bmp;79;
546;D:\hole\0546.bmp;71;
546;D:\hole\video69.mp4_000062.bmp;71;
547;D:\hole\0547.bmp;74;
547;D:\hole\video69.mp4_000070.bmp;74;
548;D:\hole\0548.bmp;64;
548;D:\hole\video69.mp4_000107.bmp;64;
549;D:\hole\0549.bmp;73;
549;D:\hole\video69.mp4_000111.bmp;73;
550;D:\hole\0550.bmp;74;
550;D:\hole\video69.mp4_000117.bmp;74;
551;D:\hole\0551.bmp;75;
551;D:\hole\video69.mp4_000120.bmp;75;
552;D:\hole\0552.bmp;68;
552;D:\hole\video69.mp4_000125.bmp;68;
553;D:\hole\0553.bmp;70;
553;D:\hole\video69.mp4_000197.bmp;70;
554;D:\hole\0554.bmp;70;
554;D:\hole\video69.mp4_000201.bmp;70;
555;D:\hole\0555.bmp;78;
555;D:\hole\video70.mp4_000042.bmp;78;
556;D:\hole\0556.bmp;76;
556;D:\hole\video71.mp4_000010.bmp;76;
557;D:\hole\0557.bmp;74;
557;D:\hole\video71.mp4_000011.bmp;74;
558;D:\hole\0558.bmp;71;
558;D:\hole\video71.mp4_000016.bmp;71;
559;D:\hole\0559.bmp;78;
559;D:\hole\video71.mp4_000018.bmp;78;
560;D:\hole\0560.bmp;74;
560;D:\hole\video71.mp4_000020.bmp;74;
561;D:\hole\0561.bmp;75;
561;D:\hole\video71.mp4_000022.bmp;75;
562;D:\hole\0562.bmp;66;
562;D:\hole\video71.mp4_000026.bmp;66;
563;D:\hole\0563.bmp;76;
563;D:\hole\video71.mp4_000027.bmp;76;
564;D:\hole\0564.bmp;77;
564;D:\hole\video71.mp4_000069.bmp;77;
565;D:\hole\0565.bmp;59;
565;D:\hole\video71.mp4_000075.bmp;59;
566;D:\hole\0566.bmp;70;
566;D:\hole\video71.mp4_000076.bmp;70;
567;D:\hole\0567.bmp;78;
567;D:\hole\video71.mp4_000080.bmp;78;
568;D:\hole\0568.bmp;78;
568;D:\hole\video72.mp4_000005.bmp;78;
569;D:\hole\0569.bmp;66;
569;D:\hole\video72.mp4_000008.bmp;66;
570;D:\hole\0570.bmp;66;
570;D:\hole\video72.mp4_000009.bmp;66;
571;D:\hole\0571.bmp;50;
571;D:\hole\video72.mp4_000014.bmp;50;
572;D:\hole\0572.bmp;70;
572;D:\hole\video72.mp4_000023.bmp;70;
573;D:\hole\0573.bmp;78;
573;D:\hole\video72.mp4_000036.bmp;78;
574;D:\hole\0574.bmp;71;
574;D:\hole\video72.mp4_000050.bmp;71;
575;D:\hole\0575.bmp;68;
575;D:\hole\video72.mp4_000054.bmp;68;
576;D:\hole\0576.bmp;58;
576;D:\hole\video72.mp4_000065.bmp;58;
577;D:\hole\0577.bmp;63;
577;D:\hole\video72.mp4_000073.bmp;63;
578;D:\hole\0578.bmp;69;
578;D:\hole\video72.mp4_000095.bmp;69;
579;D:\hole\0579.bmp;66;
579;D:\hole\video72.mp4_000099.bmp;66;
580;D:\hole\0580.bmp;62;
580;D:\hole\video72.mp4_000107.bmp;62;
581;D:\hole\0581.bmp;68;
581;D:\hole\video72.mp4_000116.bmp;68;
582;D:\hole\0582.bmp;51;
582;D:\hole\video72.mp4_000144.bmp;51;
583;D:\hole\0583.bmp;60;
583;D:\hole\video72.mp4_000148.bmp;60;
584;D:\hole\0584.bmp;58;
584;D:\hole\video72.mp4_000149.bmp;58;
585;D:\hole\0585.bmp;76;
585;D:\hole\video73.mp4_000007.bmp;76;
586;D:\hole\0586.bmp;71;
586;D:\hole\video73.mp4_000014.bmp;71;
587;D:\hole\0587.bmp;82;
587;D:\hole\video73.mp4_000016.bmp;82;
588;D:\hole\0588.bmp;74;
588;D:\hole\video73.mp4_000031.bmp;74;
589;D:\hole\0589.bmp;66;
589;D:\hole\video73.mp4_000048.bmp;66;
590;D:\hole\0590.bmp;74;
590;D:\hole\video73.mp4_000052.bmp;74;
591;D:\hole\0591.bmp;78;
591;D:\hole\video73.mp4_000053.bmp;78;
592;D:\hole\0592.bmp;66;
592;D:\hole\video74.mp4_000009.bmp;66;
593;D:\hole\0593.bmp;78;
593;D:\hole\video74.mp4_000019.bmp;78;
594;D:\hole\0594.bmp;69;
594;D:\hole\video74.mp4_000020.bmp;69;
595;D:\hole\0595.bmp;73;
595;D:\hole\video74.mp4_000029.bmp;73;
596;D:\hole\0596.bmp;65;
596;D:\hole\video74.mp4_000038.bmp;65;
597;D:\hole\0597.bmp;68;
597;D:\hole\video74.mp4_000043.bmp;68;
598;D:\hole\0598.bmp;83;
598;D:\hole\video74.mp4_000044.bmp;83;
599;D:\hole\0599.bmp;66;
599;D:\hole\video74.mp4_000055.bmp;66;
600;D:\hole\0600.bmp;57;
600;D:\hole\video74.mp4_000061.bmp;57;
601;D:\hole\0601.bmp;66;
601;D:\hole\video74.mp4_000067.bmp;66;
602;D:\hole\0602.bmp;67;
602;D:\hole\video74.mp4_000071.bmp;67;
603;D:\hole\0603.bmp;70;
603;D:\hole\video75.mp4_000022.bmp;70;
604;D:\hole\0604.bmp;82;
604;D:\hole\video75.mp4_000027.bmp;82;
605;D:\hole\0605.bmp;75;
605;D:\hole\video75.mp4_000030.bmp;75;
606;D:\hole\0606.bmp;78;
606;D:\hole\video75.mp4_000063.bmp;78;
607;D:\hole\0607.bmp;70;
607;D:\hole\video75.mp4_000066.bmp;70;
608;D:\hole\0608.bmp;72;
608;D:\hole\video75.mp4_000068.bmp;72;
609;D:\hole\0609.bmp;75;
609;D:\hole\video75.mp4_000072.bmp;75;
610;D:\hole\0610.bmp;74;
610;D:\hole\video75.mp4_000075.bmp;74;
611;D:\hole\0611.bmp;65;
611;D:\hole\video75.mp4_000078.bmp;65;
612;D:\hole\0612.bmp;69;
612;D:\hole\video75.mp4_000079.bmp;69;
613;D:\hole\0613.bmp;78;
613;D:\hole\video75.mp4_000081.bmp;78;
614;D:\hole\0614.bmp;76;
614;D:\hole\video76.mp4_000014.bmp;76;
615;D:\hole\0615.bmp;71;
615;D:\hole\video76.mp4_000040.bmp;71;
616;D:\hole\0616.bmp;71;
616;D:\hole\video76.mp4_000042.bmp;71;
617;D:\hole\0617.bmp;62;
617;D:\hole\video76.mp4_000050.bmp;62;
618;D:\hole\0618.bmp;59;
618;D:\hole\video76.mp4_000061.bmp;59;
619;D:\hole\0619.bmp;60;
619;D:\hole\video76.mp4_000063.bmp;60;
620;D:\hole\0620.bmp;70;
620;D:\hole\video76.mp4_000065.bmp;70;
621;D:\hole\0621.bmp;82;
621;D:\hole\video76.mp4_000067.bmp;82;
622;D:\hole\0622.bmp;66;
622;D:\hole\video76.mp4_000069.bmp;66;
623;D:\hole\0623.bmp;70;
623;D:\hole\video76.mp4_000072.bmp;70;
624;D:\hole\0624.bmp;55;
624;D:\hole\video76.mp4_000073.bmp;55;
625;D:\hole\0625.bmp;72;
625;D:\hole\video76.mp4_000098.bmp;72;
626;D:\hole\0626.bmp;68;
626;D:\hole\video77.mp4_000008.bmp;68;
627;D:\hole\0627.bmp;63;
627;D:\hole\video77.mp4_000025.bmp;63;
628;D:\hole\0628.bmp;82;
628;D:\hole\video77.mp4_000031.bmp;82;
629;D:\hole\0629.bmp;80;
629;D:\hole\video77.mp4_000032.bmp;80;
630;D:\hole\0630.bmp;75;
630;D:\hole\video77.mp4_000048.bmp;75;
631;D:\hole\0631.bmp;67;
631;D:\hole\video77.mp4_000072.bmp;67;
632;D:\hole\0632.bmp;81;
632;D:\hole\video77.mp4_000082.bmp;81;
633;D:\hole\0633.bmp;70;
633;D:\hole\video77.mp4_000083.bmp;70;
634;D:\hole\0634.bmp;72;
634;D:\hole\video77.mp4_000095.bmp;72;
635;D:\hole\0635.bmp;70;
635;D:\hole\video77.mp4_000104.bmp;70;
636;D:\hole\0636.bmp;58;
636;D:\hole\video79.mp4_000039.bmp;58;
637;D:\hole\0637.bmp;76;
637;D:\hole\video79.mp4_000046.bmp;76;
638;D:\hole\0638.bmp;62;
638;D:\hole\video79.mp4_000052.bmp;62;
639;D:\hole\0639.bmp;56;
639;D:\hole\video79.mp4_000053.bmp;56;
640;D:\hole\0640.bmp;64;
640;D:\hole\video79.mp4_000058.bmp;64;
641;D:\hole\0641.bmp;73;
641;D:\hole\video79.mp4_000070.bmp;73;
642;D:\hole\0642.bmp;67;
642;D:\hole\video79.mp4_000098.bmp;67;
643;D:\hole\0643.bmp;67;
643;D:\hole\video79.mp4_000105.bmp;67;
644;D:\hole\0644.bmp;55;
644;D:\hole\video79.mp4_000122.bmp;55;
645;D:\hole\0645.bmp;70;
645;D:\hole\video79.mp4_000128.bmp;70;
646;D:\hole\0646.bmp;52;
646;D:\hole\video79.mp4_000131.bmp;52;
647;D:\hole\0647.bmp;55;
647;D:\hole\video80.mp4_000004.bmp;55;
648;D:\hole\0648.bmp;66;
648;D:\hole\video80.mp4_000014.bmp;66;
649;D:\hole\0649.bmp;78;
649;D:\hole\video80.mp4_000021.bmp;78;
650;D:\hole\0650.bmp;66;
650;D:\hole\video80.mp4_000023.bmp;66;
651;D:\hole\0651.bmp;66;
651;D:\hole\video80.mp4_000024.bmp;66;
652;D:\hole\0652.bmp;66;
652;D:\hole\video80.mp4_000029.bmp;66;
653;D:\hole\0653.bmp;71;
653;D:\hole\video80.mp4_000034.bmp;71;
654;D:\hole\0654.bmp;61;
654;D:\hole\video80.mp4_000038.bmp;61;
655;D:\hole\0655.bmp;68;
655;D:\hole\video80.mp4_000044.bmp;68;
656;D:\hole\0656.bmp;69;
656;D:\hole\video80.mp4_000045.bmp;69;
657;D:\hole\0657.bmp;69;
657;D:\hole\video80.mp4_000047.bmp;69;
658;D:\hole\0658.bmp;65;
658;D:\hole\video80.mp4_000050.bmp;65;
659;D:\hole\0659.bmp;74;
659;D:\hole\video80.mp4_000054.bmp;74;
660;D:\hole\0660.bmp;70;
660;D:\hole\video80.mp4_000059.bmp;70;
